,text,score
0,"Sinceramente, foi-se o tempo que iPhones apresentavam acabamento excelente. Uso pel√≠cula e capinha, tenho cuidado, assim como tive com outros aparelhos da mesma marca (que n√£o apresentaram problema semelhante), mas mesmo que nada. E, se voc√™ reclamar com a Apple, apresentam solu√ß√£o de troca de pe√ßa em que voc√™ fica sem seu aparelho de celular por 3-5 dias √∫teis, sendo que, se houver atraso da transportadora, o prazo pode ser dilatado por at√© 20 dias. N√£o trocam o aparelho, n√£o interessa se n√£o apresenta nenhum outro dano, se a bateria est√° 100%, se tem pouqu√≠ssimo per√≠odo de uso, nada. Voc√™ suporta o √¥nus de ficar sem seu aparelho, ter que fazer v√°rios backups, ver seu aparelho desmontado etc. A culpa n√£o √© sua, mas o √¥nus e transtorno √© todo seu. E a reclama√ß√£o de descascamento nas bordas (de dentro para fora) da c√¢mera √© comum, basta buscar no Google.",1
1,"Prezados,",1
2,"Demorei uns dias usando para fazer minha avalia√ß√£o para ter certeza a entrega √© r√°pida por√©m vem mal embalado como j√° falaram , o celular esquenta bastante quando t√° sendo carregado e quando est√° em uso normal do nada parece q pegando fogo e eu tenho q tirar a capinha e parar um pouco o uso  , a bateria continua horr√≠vel n√≠vel Apple , o celular √© bonito e a c√¢mera √© boa mas s√≥ a traseira √© √© isso n√£o vele o pre√ßo .",1
3,"Nao gostei, comprei um iPhone achando que era novo, pelo chegou um iPhone que n√£o liga, com parafuso enferrujado e com arranh√µes na tela. Desde dia 3 de dezembro estou tentando fazer a devolu√ß√£o mais sem suceso. Nao recomendo",1
4,"Celular zerado e j√° tenho que levar na Apple amanh√£ para avaliar o celular, pois o NFC n√£o funciona. Caixa veio estourada.",1
5,"O produto est√° tudo ok, mas paguei a mais para entrega do 10/12 at√© as 20:00, onde o entregador liga bem depois desse hor√°rio e n√£o fez a entrega conforme estava combinado, gostaria da minha devolu√ß√£o.",1
6,"Recebi na sexta (18/10) o produto em minha resid√™ncia. Ao tentar ligar a tela, o iPhone nunca inicializou. Entrei em contato com o suporte da Apple e estou seguindo os tr√¢mites para de fato ter um iPhone funcionante. Voltarei para deixar o fim da hist√≥ria registrado aqui. Tor√ßam por mim. :(",1
7,J√° tive v√°rios iphones e esse foi o √∫nico que me decepcionou. A bateria n√£o dura nada e a conex√£o falha o tempo todo. J√° entrei em contato com a apple que me disse n√£o identificar problemas.,1
8,"Ap√≥s 1 semana usado, o aparelho come√ßou a desligar sozinho, n√£o obedece comandos e apareceu uma mensagem que a bateria n√£o estava sendo reconhecida e possivelmente veio com defeito.",1
9,Infelizmente com 15 dias o touch-screen parou de funcionar. Mas foi muito tranquilo fazerxa devolu√ß√£o. Estou no aguardo para fazer a compra de outro aparelho.,1
10,"Sinceramente, foi-se o tempo que iPhones apresentavam acabamento excelente. Uso pel√≠cula e capinha, tenho cuidado, assim como tive com outros aparelhos da mesma marca (que n√£o apresentaram problema semelhante), mas mesmo que nada. E, se voc√™ reclamar com a Apple, apresentam solu√ß√£o de troca de pe√ßa em que voc√™ fica sem seu aparelho de celular por 3-5 dias √∫teis, sendo que, se houver atraso da transportadora, o prazo pode ser dilatado por at√© 20 dias. N√£o trocam o aparelho, n√£o interessa se n√£o apresenta nenhum outro dano, se a bateria est√° 100%, se tem pouqu√≠ssimo per√≠odo de uso, nada. Voc√™ suporta o √¥nus de ficar sem seu aparelho, ter que fazer v√°rios backups, ver seu aparelho desmontado etc. A culpa n√£o √© sua, mas o √¥nus e transtorno √© todo seu. E a reclama√ß√£o de descascamento nas bordas (de dentro para fora) da c√¢mera √© comum, basta buscar no Google.",1
11,"Prezados,",1
12,"Demorei uns dias usando para fazer minha avalia√ß√£o para ter certeza a entrega √© r√°pida por√©m vem mal embalado como j√° falaram , o celular esquenta bastante quando t√° sendo carregado e quando est√° em uso normal do nada parece q pegando fogo e eu tenho q tirar a capinha e parar um pouco o uso  , a bateria continua horr√≠vel n√≠vel Apple , o celular √© bonito e a c√¢mera √© boa mas s√≥ a traseira √© √© isso n√£o vele o pre√ßo .",1
13,"Nao gostei, comprei um iPhone achando que era novo, pelo chegou um iPhone que n√£o liga, com parafuso enferrujado e com arranh√µes na tela. Desde dia 3 de dezembro estou tentando fazer a devolu√ß√£o mais sem suceso. Nao recomendo",1
14,"Celular zerado e j√° tenho que levar na Apple amanh√£ para avaliar o celular, pois o NFC n√£o funciona. Caixa veio estourada.",1
15,"O produto est√° tudo ok, mas paguei a mais para entrega do 10/12 at√© as 20:00, onde o entregador liga bem depois desse hor√°rio e n√£o fez a entrega conforme estava combinado, gostaria da minha devolu√ß√£o.",1
16,"Recebi na sexta (18/10) o produto em minha resid√™ncia. Ao tentar ligar a tela, o iPhone nunca inicializou. Entrei em contato com o suporte da Apple e estou seguindo os tr√¢mites para de fato ter um iPhone funcionante. Voltarei para deixar o fim da hist√≥ria registrado aqui. Tor√ßam por mim. :(",1
17,J√° tive v√°rios iphones e esse foi o √∫nico que me decepcionou. A bateria n√£o dura nada e a conex√£o falha o tempo todo. J√° entrei em contato com a apple que me disse n√£o identificar problemas.,1
18,"Ap√≥s 1 semana usado, o aparelho come√ßou a desligar sozinho, n√£o obedece comandos e apareceu uma mensagem que a bateria n√£o estava sendo reconhecida e possivelmente veio com defeito.",1
19,Infelizmente com 15 dias o touch-screen parou de funcionar. Mas foi muito tranquilo fazerxa devolu√ß√£o. Estou no aguardo para fazer a compra de outro aparelho.,1
20,"O produto veio com defeito no cabo de alimenta√ß√£o e encaixe para recarregar. Por√©m, quando pe√ßo suporte n√£o sou atendido.",1
21,"O celular chegou r√°pido, por√©m jogaram a caixa por cima do port√£o e foram embora, n√£o foi entregue em m√£os. Um absurdo, isso nunca tinha acontecido antes com um produto Amazon, que eu comprei. Sorte que aparentemente est√° tudo ok e funcionando. Mas o servi√ßo de entrega foi decepcionante.",1
22,Da finaliza√ß√£o da compra n√£o pediram o c√≥digo do cart√£o e a compra seria parcelada em 12x e n√£o foi deveria ter cancelado,1
23,"O iphone come√ßou a travar e desligava, ficava com a tela com alguns detalhes estranhos. Ele ligava depois de um certo tempo mas acaba travando e desligando novamente. Foi preciso devolver e pedi o reembolso, vi que outra pessoa aqui tamb√©m passou por isso h√° 3 meses.",1
24,"Achei que a bateria durasse mais, outro ponto, foi que o produto vem sem nota fiscal.",1
25,"O celular √© √≥timo, mas o cabo para carregar veio sem funcionar ü•≤",1
26,"O presente de dia dos pais, virou uma decep√ß√£o.",1
27,"O produto chegou, mas com dois dias de uso come√ßou a dar pane no aparelho e ele come√ßou a reiniciar sozinho num loop infinito. Estou decepcionado dias esperando ansioso para ter meu primeiro iPhone 15 e me acontece isso.",1
28,"Depois de 3 meses ele ligava mas n√£o acessava nada. Frustra√ß√£o! Vai ser levado para a loja Apple na Barra, n√£o sei quando o terei novamente .",1
29,"Celular travou algumas vezes, bateria n√£o durava at√© o almo√ßo, pedi a troca, e agendaram a nova entrega para 15 dias ap√≥s receberem o celular defeituoso.",1
30,Meu celular apresenta problema durante o carregamento. N√£o est√° funcionado bem. N√£o apareceu a possibilidade de entrar em contato com o vendedor.,1
31,O produto √© um aparelho d celular q custa quase 6 mil .e o entregador s√≥ jogou na varanda,1
32,"A transportadora n√£o me entregou o produto e deu como entregue. Mas o celular com certeza deve ser de √≥tima qualidade, assim como todos os celulares da Apple.",1
33,Nao gostei de nada,1
34,Decep√ß√£o,1
35,Eu n√£o consigo mais fazer o restreio do meu,1
36,O carregador n√£o funciona,1
37,Nao te avisam que nao acompanha o carregador. Um pre√ßo alto em um equipamento que n√£o pode ser carregado. O carregador deve ser comprado a parte por quase 300.,1
38,"Aparelho iPhone 15 veio com defeito, n√£o sai da tela de boas vindas.",1
39,NAO COMPREEM!!!! TUDO ENGANA√á√ÉO!,1
40,"√ìtimo aparelho, por√©m, entrega demorada e colocaram o celular todo largado na caixa, nem um pl√°stico bolha colocaram para proteger o aparelho.",2
41,"A c√¢mera √© √≥tima, v√°rias op√ß√µes de configura√ß√£o, celular funciona perfeitamente, super r√°pido, por√©m a bateria dura muito pouco, se usar muito s√≥ deixando direto na tomada.",2
42,"O cabo do carregador n√£o conecta direito, ficando solto ou frouxo, o que impossibilita o carregamento do aparelho. Triste com a compra.",2
43,"Gostaria de saber como solicitar a troca do produto, pois o celular veio com defeito",2
44,"O aparelho √© nota 10. Mas a caixa veio ‚Äúraspada‚Äù em uma parte e amassada. N√£o fiz a reclama√ß√£o e ou devolu√ß√£o pois estava precisando do aparelho, mas a caixa foi pro lixo.",2
45,Celular apresentou travamento e precisa reiniciar constantemente com 2 semanas de uso.,2
46,"√ìtimo aparelho, por√©m, entrega demorada e colocaram o celular todo largado na caixa, nem um pl√°stico bolha colocaram para proteger o aparelho.",2
47,"A c√¢mera √© √≥tima, v√°rias op√ß√µes de configura√ß√£o, celular funciona perfeitamente, super r√°pido, por√©m a bateria dura muito pouco, se usar muito s√≥ deixando direto na tomada.",2
48,"O cabo do carregador n√£o conecta direito, ficando solto ou frouxo, o que impossibilita o carregamento do aparelho. Triste com a compra.",2
49,"Gostaria de saber como solicitar a troca do produto, pois o celular veio com defeito",2
50,"O aparelho √© nota 10. Mas a caixa veio ‚Äúraspada‚Äù em uma parte e amassada. N√£o fiz a reclama√ß√£o e ou devolu√ß√£o pois estava precisando do aparelho, mas a caixa foi pro lixo.",2
51,Celular apresentou travamento e precisa reiniciar constantemente com 2 semanas de uso.,2
52,"A c√¢mera √© muito boa, mas este iPhone deixa muito a desejar. Carregar v√≠deos no Instagram √© extremamente lento, al√©m de diversos bugs no Instagram e outros aplicativos como WhatsApp, o que me prejudica mto j√° que uso esse aparelho para trabalhar. Al√©m desse transtorno a√≠ vem a parte pior: a grava√ß√£o dos v√≠deos fica picotada no meio!",3
53,"cara, sinceramente? parece que o touch √© pior que o do 13 e 14 √†s vezes passo o dedo pra deslizar pra cima ou pra baixo no insta ou num site e na altura do ‚ÄúD‚Äù no teclado n√£o funciona, n√£o sei se √© defeito ou se era pra ter esse comportam mesmo um outro ponto de observa√ß√£o ao touch √© que em bot√µes muito pequenos vc clica e n√£o vai, acho q pode estar quebrado o meu touch ou com falhas, t√° bem estressante, um outro ponto √© que paguei pelo frete priorit√°rio e a migu√© que deram foi de o motorista nao encontrou o endere√ßo sendo que j√° fiz v√°rias compras e nunca deu erro com endere√ßo, liguei no suporte da amazon e eles falaram que atualizou o aplicativo de gps do motorista, se eu soubesse disso teria ido de frete gr√°tis",3
54,Aparelho trava muito at√© mesmo em msg WhatsApp.,3
55,"Produto excelente, como esperava, bateria a melhor da Apple, c√¢mera muito boa.",3
56,"NENHUM cuidado com a embalagem, a caixa do iphone veio at√© suja e amassada.",3
57,Nada de novo. Custo x benef√≠cio tendendo a zero,3
58,Antes de pegar o 15 estava com o Xs que usei durante quase 5 anos. Esperava um salto entre os dois mas na verdade n√£o vi nada de mais a n√£o ser a qualidade da c√¢mera.,3
59,"Bom, o aparelho chegou antes do prazo, por√©m, a comunica√ß√£o com a transportadora √© de pess√≠ma qualidade. No entanto, chegou tudo certo.",3
60,"celular maravilhoso √≥bvio, mas demorou demais pra ser entregue e veio solto numa caixa enorme, sorte q n√£o quebrou mas n√£o tem cuidado nenhum",3
61,O celular √© maravilhoso..,3
62,"A c√¢mera √© muito boa, mas este iPhone deixa muito a desejar. Carregar v√≠deos no Instagram √© extremamente lento, al√©m de diversos bugs no Instagram e outros aplicativos como WhatsApp, o que me prejudica mto j√° que uso esse aparelho para trabalhar. Al√©m desse transtorno a√≠ vem a parte pior: a grava√ß√£o dos v√≠deos fica picotada no meio!",3
63,"cara, sinceramente? parece que o touch √© pior que o do 13 e 14 √†s vezes passo o dedo pra deslizar pra cima ou pra baixo no insta ou num site e na altura do ‚ÄúD‚Äù no teclado n√£o funciona, n√£o sei se √© defeito ou se era pra ter esse comportam mesmo um outro ponto de observa√ß√£o ao touch √© que em bot√µes muito pequenos vc clica e n√£o vai, acho q pode estar quebrado o meu touch ou com falhas, t√° bem estressante, um outro ponto √© que paguei pelo frete priorit√°rio e a migu√© que deram foi de o motorista nao encontrou o endere√ßo sendo que j√° fiz v√°rias compras e nunca deu erro com endere√ßo, liguei no suporte da amazon e eles falaram que atualizou o aplicativo de gps do motorista, se eu soubesse disso teria ido de frete gr√°tis",3
64,Aparelho trava muito at√© mesmo em msg WhatsApp.,3
65,"Produto excelente, como esperava, bateria a melhor da Apple, c√¢mera muito boa.",3
66,"NENHUM cuidado com a embalagem, a caixa do iphone veio at√© suja e amassada.",3
67,Nada de novo. Custo x benef√≠cio tendendo a zero,3
68,Antes de pegar o 15 estava com o Xs que usei durante quase 5 anos. Esperava um salto entre os dois mas na verdade n√£o vi nada de mais a n√£o ser a qualidade da c√¢mera.,3
69,"Bom, o aparelho chegou antes do prazo, por√©m, a comunica√ß√£o com a transportadora √© de pess√≠ma qualidade. No entanto, chegou tudo certo.",3
70,"celular maravilhoso √≥bvio, mas demorou demais pra ser entregue e veio solto numa caixa enorme, sorte q n√£o quebrou mas n√£o tem cuidado nenhum",3
71,O celular √© maravilhoso..,3
72,"a entrega foi muito r√°pida (4 dias) pra Sp, e veio tudo certo.. A embalagem deixa muito a desejar, tendo em vista que √© um aparelho caro, veio somente em uma caixa de papel√£o fechada, sem emabalagens de prote√ß√£o",3
73,"Adorei, recebi no prazo, muita seguran√ßa e o produto veio impec√°vel",3
74,Tive problema para carregar. O cabo que veio n√£o est√° funcionando.,3
75,"Estou dando tr√™s estrelas n√£o pelo aparelho, q por sinal √© maravilhoso. Mas o entregador jogou o pacote aqui dentro, podia ter quebrado.",3
76,"O produto aparentemente √© maravilhoso! Por√©m tive dificuldades para iniciar o uso, em raz√£o da demora para atualiza√ß√£o e depois para transfer√™ncia de dados, mesmo tendo um internet relativamente r√°pida! Ap√≥s muito tempo conseguir realizar a configura√ß√£o por√©m acabei n√£o conseguindo migrar todos os dados dos aparelho antigo pra o novo. E por fim, o cabo de carregamento veio com defeito, conectado no aparelho ele n√£o inicia o carregamento da bateria. Tive que me valer de um cabo paralelo para carregar pois o original n√£o funciona ü§®",3
77,"o iPhone √© muito lindo e flu√≠do! o funcionamento do sistema √© √≥timo, n√£o travou em nenhum momento (mesmo atualizando pra vers√£o mais recente). o problema que surgiu nele de in√≠cio, ap√≥s ligar, come√ßou a esquentar e cheguei a ficar com medo de acontecer alguma coisa, mas depois disso, foi bem de boa! isso tamb√©m depende do clima local.",4
78,"O aparelho veio r√°pido funcionando, mas o cabo do carregador n√£o funciona. Usei com um adaptador original que tinha do meu iPhone 11 mas n√£o carregou.",4
79,"Produto da Apple nunca deixa a desejar, mas dessa vez sugiro que a bateria poderia ser melhor",4
80,"Estou usando h√° quase 2 semanas e estou adorando! Excelente celular. Entrega chegou no prazo. S√≥ acho que a embalagem podia ser mais segura, veio solto em uma caixa de papelao sem nenhuma prote√ß√£o, mas chegou direitinho apesar disso.",4
81,"iPhone dispensa coment√°rios sistema √≥timo r√°pido um celular extremamente confi√°vel, n√£o vale o pre√ßo que est√° sendo comercializado mas enfim de resto √© s√≥ √≥timo celular  r√°pido fluido",4
82,Atende as expectativas,4
83,"Produto veio sem prote√ß√£o entre o produto e a caixa. Apesar da situa√ß√£o, celular veio em perfeito funcionamento e integridade.",4
84,"O produto √© maravilhoso, mas a entrega √© demorada.",4
85,"tirando o fato que n√£o teve nenhuma prote√ß√£o no pedido, veio em perfeito estado. Minha primeira experi√™ncia usando o sistema iOS",4
86,Faltou a Nota Fiscal‚Ä¶,4
87,"o iPhone √© muito lindo e flu√≠do! o funcionamento do sistema √© √≥timo, n√£o travou em nenhum momento (mesmo atualizando pra vers√£o mais recente). o problema que surgiu nele de in√≠cio, ap√≥s ligar, come√ßou a esquentar e cheguei a ficar com medo de acontecer alguma coisa, mas depois disso, foi bem de boa! isso tamb√©m depende do clima local.",4
88,"O aparelho veio r√°pido funcionando, mas o cabo do carregador n√£o funciona. Usei com um adaptador original que tinha do meu iPhone 11 mas n√£o carregou.",4
89,"Produto da Apple nunca deixa a desejar, mas dessa vez sugiro que a bateria poderia ser melhor",4
90,"Estou usando h√° quase 2 semanas e estou adorando! Excelente celular. Entrega chegou no prazo. S√≥ acho que a embalagem podia ser mais segura, veio solto em uma caixa de papelao sem nenhuma prote√ß√£o, mas chegou direitinho apesar disso.",4
91,"iPhone dispensa coment√°rios sistema √≥timo r√°pido um celular extremamente confi√°vel, n√£o vale o pre√ßo que est√° sendo comercializado mas enfim de resto √© s√≥ √≥timo celular  r√°pido fluido",4
92,Atende as expectativas,4
93,"Produto veio sem prote√ß√£o entre o produto e a caixa. Apesar da situa√ß√£o, celular veio em perfeito funcionamento e integridade.",4
94,"O produto √© maravilhoso, mas a entrega √© demorada.",4
95,"tirando o fato que n√£o teve nenhuma prote√ß√£o no pedido, veio em perfeito estado. Minha primeira experi√™ncia usando o sistema iOS",4
96,Faltou a Nota Fiscal‚Ä¶,4
97,"Muito bom, por√©m esse modelo √© recorrente a alguns bugs e volta e meia trava, mas fora isso √© muito bom e a cor √© super estilosa",4
98,"Comprei de noite e no dia seguinte pela manh√£ recebi o produto, em menos de 24hrs...",4
99,"Excelente produto, n√£o tive problemas em rela√ß√£o ao fato de esquentar. Como o meu uso de celulares √© bem b√°sico, supriu minhas necessidades de forma tranquila. A cor verde √© bonita, mas n√£o √© nada WOW.",4
100,"O celular √© lindo, por√©m veio muito mau embalado! O celular veio numa caixa grande e n√£o preencheram com saco bolha ou papel amassado, com isso o aparelho fica dan√ßando dentro da caixa de entrega. espero q o transporte n√£o tenha prejudicado o aparelho",4
101,No geral √© bom mesmo.,4
102,Gosto da Apple mas esse iPhone √© semelhante ao meu anterior iPhone 13. Sem novidades.,4
103,"Chegou lindo e como esta nas reviews. Por√©m a nova atualiza√ß√£o estava com muitos bugs, vergonhoso!",4
104,Tenho a sensa√ß√£o de que esperava mais,4
105,"4 estrelas por chegar dentro do prazo de entrega, pela qualidade do produto e pelo pre√ßo.",4
106,"N√£o gostei de como a Amazon enviou ele dentro de uma caixa, jogado sem nenhum pl√°stico bolha pelo menos, pode ter ficado batendo de um lado para outro a viagem toda mas tirando isso, super satisfeito, apesar do pre√ßo horroroso, o celular √© uma maravilha com um desempenho excelente e lindo demais, gostei muito!",4
107,"Comprei o15 pela island da tela e entrada usb, mas nao tem tanta diferen√ßa assim de um 14 q era o q tinha em mente. Deveria ter comprado msm o 14 com 256g q estava o msm valor do 15 com apenas 128g bem salgado. A c√¢mera sensacional!",4
108,Produto conforme an√∫ncio. Iphone √© Iphone.,4
109,"Produto perfeito, n√£o tenho nem o que comentar.",4
110,"Produto chegou lacrado, funcionando direitinho. Por√©m a entrega √© uma das piores experi√™ncias pra quem espera um produto com este valor vindo do brasil. Demorou 2 semanas pra chegar, mais de uma semana pra enviar o produto e informa√ß√µes de rastreio que da um susto no cora√ß√£o, com notifica√ß√£o que o produto saiu pra entrega e que chegaria hoje numa sexta feira em uma cidade 300km de distancia da minha. Acabei recebendo o produto na segunda feira, no final da tarde, sem mais nenhuma atualiza√ß√£o no rastreio. Tive o mesmo problema de outras pessoas, veio numa caixa grande com a caixa original chacoalhando e caixa original suja nas bordas. Mas tirando isso, veio funcionando e √© um otimo celular.",4
111,"Eu tinha um iPhone 13 antes do 15 . Gostei mais da qualidade deste cabo , parece ter uma maior durabilidade .So fiquei triste pq meu fone com fio n√£o serve no meu aparelho novo .",4
112,N√£o venho nota fiscal! Junto ao celular,4
113,"Fiz a troca do 11 para o 15 e fiquei impressionada com a qualidade do produto, vale muito a pena! Em rela√ß√£o a entrega demorou 6 dias √∫teis para chegar (moro no interior da Para√≠ba), no pacote o celular veio sem nenhuma prote√ß√£o na caixa, como j√° foi alertado pelos demais na avalia√ß√£o.",4
114,"J√° tive uma iphone e ipad a algum tempo, deixei de usar pelo custo, mas hoje retorno em fun√ß√£o da durabilidade, que n√£o ocorreu com outros aparelhos. Acho o ios muito f√°cil de se usar, gosto da interface e acho um aparelho muito flu√≠do. O pre√ßo na prime day foi uma oportunidade que n√£o sei se ter√° na black friday. Ponto negativo para entrega e falta de atualiza√ß√£o.",4
115,"O iPhone √© um celular maravilhoso, por√©m o cabo veio com defeito, n√£o carrega.",4
116,"Pra um produto caro desse jeito, veio dentro de uma caixa grande da amazon sem nenhum pl√°stico bolha nem nada, ele veio se batendo dentro da caixa. ainda bem que est√° funcionando normal e n√£o veio nenhum arranh√£o. mas um perigo pra algo nesse valor. melhorem a√≠!",4
117,√© um √≥timo aparelho e o pre√ßo no Prime Day foi bem atrativo  450.00 de Cash back na Nubank mais parcelamento 12xsem juros).$4150.00.,4
118,"Bom, eu gostei do produto! S√≥ n√£o gostei da forma que ele vem embalado, veio com outras encomendas sem nenhuma prote√ß√£o interna, apenas dentro da caixa, quatro produtos soltos dentro da caixa sem pl√°stico bolha, sem nada para amortecer o impacto durante o transporte.",4
119,"O produto em si veio corretamente, por√©m levando em considera√ß√£o o seu valor e a entrega pelos correios, creio que a embalagem deveria ter sido mais refor√ßada, pois o aparelho estava apenas dentro de uma caixa, praticamente solto. Um pl√°stico bolha j√° faria diferen√ßa!!!!",4
120,Celular excelente. N√£o me arrependo.,4
121,"Produto √≥timo, por√©m a entrega demorou demais, al√©m do rastreio n√£o atualizar nada.",4
122,"celular excelente e entrega boa porem o prazo dado foi 2 de agosto, me assustei muito e achei q ia demorar isso tudo, mas chegou dia 22, 7 dias, prazo ok, mas devia ter uma previsao mais precisa pra nao assustar a gente üëçüèª fora isso tudo perfeito",4
123,"Topp eu sai de um iphone xr pro 15 , so nao gostei muito do tempo de entrega, mais fora isso √© top comprei na prime day e chegou hoje!",4
124,"O aparelho √© bonito, j√° conhe√ßo a marca, mas a √∫nica coisa que eu n√£o concordo √© o aparelho vir sem a tomada.",4
125,Estou com o iPhone 15 tem um m√™s e estou gostando. N√£o esperava algo diferente mesmo. √â um bom produto.,4
126,Entrega r√°pida,4
127,Mediano,4
128,"Quanto ao celular em si, nada a declarar. Tudo como o esperado. J√° a entrega foi feita at√© antes do prazo, por√©m, ele vem dentro de uma caixa com o triplo do tamanho, totalmente solto, batendo, sem nenhuma prote√ß√£o. √â um produto caro para ser entregue solto dentro de uma caixa maior sem estar protegido, por isso deixa a desejar. De resto tudo certo.",4
129,"N√£o tem o que falar, simplesmente a apple, dei 4 estrelas pois a caixa do iphone veio solta dentro da caixa da amazon, poderia ter isopor pra n√£o ficar assim",4
130,"Comprei e o celular veio em perfeito estado, por√©m o cabinho do carregador veio com defeito, simplesmente n√£o funciona.",4
131,"Chegou r√°pido. So a embalagem externa, n√£o do iPhone, que chegou amassada.",4
132,"O telefone √© √≥timo, mas o cabo de energia veio defeituoso e n√£o carrega o celular",4
133,O produto vem com o cabo mas sem a fonte.,4
134,Deveria ter vindo fones de ouvido,4
135,"O produto veio solto em uma caixa grande. Deveriam acolchoar o mesmo, se tratando de um produto fr√°gil. Fora isso, tudo certo.",4
136,Acho q deveria ter muitas diferen√ßas pq at√© o tamanho e o mesmo do 12,4
137,"Produto veio no prazo certo, por√©m n√£o veio embrulhado para presente conforme solicitei e paguei",4
138,Eu venho de um IPhone 11 e ap√≥s algumas semanas de uso j√° deu para notar algumas diferen√ßas.,5
139,"Produto veio em perfeito estado, o cell √© √≥timo e designer muito lindo,  podem confiar e comprar sem medo. √â minha primeira compra de iPhone online pois eu sempre comprei pela minha cidade, pre√ßo foi √≥timo e n√£o tive duvidas que iria chegar certinho.",5
140,"A respeito do produto, sem nenhuma surpresa! Celular top de linhas, acabamento est√° √≥timo, as bordas est√£o mais arredondadas em compara√ß√£o com o 13, n√£o temos tit√¢nio nesse modelo (somente na linha Pro) mas o vidro fosco compensa, acabando com os problemas de marcas de dedo, al√©m de ficar mais bonito. Senti diferen√ßa de desempenho e velocidade no IOS, o que foi um bom ganho. As c√¢meras est√£o melhores, agora temos zoom √≥tico at√© 2x, retrato no modo foto, 48mp, modo cinema em 4k e modo de a√ß√£o. O Dynamic Island foi uma √≥tima adi√ß√£o a linha padr√£o e espero que tenha vindo para ficar. Em resumo, √© um √≥timo aparelho e o pre√ßo no Prime Day foi bem atrativo, R$¬†4600 (ainda mais com parcelamento sem juros).",5
141,N√£o h√° muito o que falar. √â um iPhone.,5
142,"Foi uma √≥tima compra, chegou r√°pido e cumpre tudo o que promete, a bateria dura aproximadamente 24h, dependendo do uso e otimiza√ß√£o dos apps, a c√¢mera √© perfeita e a usabilidade do celular √© f√°cil, recomendo demais!",5
143,"Fiz a compra no dia 4 de dezembro e entregaram dois dias mesmo com a data prevista para a pr√≥xima semana. O iPhone √© excelente e n√£o preciso me prolongar nesse t√≥pico. Foi entregue solto na caixa sem pl√°stico bolha, algo que sinceramente n√£o me incomodou. A NF n√£o vem impressa mas voc√™ encontra ela no pr√≥prio pedido de compra no site da Amazon. Comprei na Amazon por ser o melhor pre√ßo parcelado e estou muito feliz com minha compra!",5
144,"√ìtimo, c√¢mera veio boa a entrega foi super r√°pida..veio junto com o cabo e veio tudo embalado certinho! Recomendo, o meu veio carregando certinho! A tela tem √≥tima resolu√ß√£o!",5
145,"√ìtimo produto, chegou dentro do prazo, por√©m a caixa do celular veio meio solta dentro da caixa maior de papel√£o, ent√£o imagino que deve ter ficado se mexendo durante o transporte, mas chegou em √≥timo estado e sem problemas. Sobre o celular: lind√≠ssimo, queria muito um celular rosa, e a cor dele √© perfeita, nada muito chamativo mas tamb√©m nada muito sem gra√ßa. C√¢meras de √≥tima qualidade, apenas a frontal quando est√° meio escuro fica um pouco ruim, mas estando com uma ilumina√ß√£o boa ela fica perfeita, pega at√© os detalhes que a gente n√£o quer kkkkk, a traseira n√£o tenho reclama√ß√µes, muito boa mesmo, e zoom √≥timo. Bateria √© boa mas n√£o √© nada espetacular, acho que poderia ser um pouco melhor. Tudo funciona muito bem, estou usando a duas semanas e n√£o tive nenhum problema at√© agora. A fonte do carregador comprei separadamente ja que n√£o vem junto.",5
146,"Produto conforme a descri√ß√£o, novo e lacrado dentro da caixa, nada a reclamar do produto, por√©m, o entregador deixou o produto em frente a porta da minha casa e sequer tocou a campainha para avisar que tinha chegado e no app ainda constou que o produto havia sido entregue nas m√£os do morador, para um produto desse valor esperava um pouco mais de cuidado e responsabilidade na entrega.",5
147,"Meu segundo iPhone , tirando a bateria eu gosto muito de todo o resto , eu uso muito o celular , trabalho cm ele ent√£o tem dias q eu preciso carregar at√© duas vezes no mesmo dia , mas pra quem faz o uso mais moderado a bateria deve durar o dia inteiro.",5
148,Eu venho de um IPhone 11 e ap√≥s algumas semanas de uso j√° deu para notar algumas diferen√ßas.,5
149,"Produto veio em perfeito estado, o cell √© √≥timo e designer muito lindo,  podem confiar e comprar sem medo. √â minha primeira compra de iPhone online pois eu sempre comprei pela minha cidade, pre√ßo foi √≥timo e n√£o tive duvidas que iria chegar certinho.",5
150,"A respeito do produto, sem nenhuma surpresa! Celular top de linhas, acabamento est√° √≥timo, as bordas est√£o mais arredondadas em compara√ß√£o com o 13, n√£o temos tit√¢nio nesse modelo (somente na linha Pro) mas o vidro fosco compensa, acabando com os problemas de marcas de dedo, al√©m de ficar mais bonito. Senti diferen√ßa de desempenho e velocidade no IOS, o que foi um bom ganho. As c√¢meras est√£o melhores, agora temos zoom √≥tico at√© 2x, retrato no modo foto, 48mp, modo cinema em 4k e modo de a√ß√£o. O Dynamic Island foi uma √≥tima adi√ß√£o a linha padr√£o e espero que tenha vindo para ficar. Em resumo, √© um √≥timo aparelho e o pre√ßo no Prime Day foi bem atrativo, R$¬†4600 (ainda mais com parcelamento sem juros).",5
151,N√£o h√° muito o que falar. √â um iPhone.,5
152,"Foi uma √≥tima compra, chegou r√°pido e cumpre tudo o que promete, a bateria dura aproximadamente 24h, dependendo do uso e otimiza√ß√£o dos apps, a c√¢mera √© perfeita e a usabilidade do celular √© f√°cil, recomendo demais!",5
153,"Fiz a compra no dia 4 de dezembro e entregaram dois dias mesmo com a data prevista para a pr√≥xima semana. O iPhone √© excelente e n√£o preciso me prolongar nesse t√≥pico. Foi entregue solto na caixa sem pl√°stico bolha, algo que sinceramente n√£o me incomodou. A NF n√£o vem impressa mas voc√™ encontra ela no pr√≥prio pedido de compra no site da Amazon. Comprei na Amazon por ser o melhor pre√ßo parcelado e estou muito feliz com minha compra!",5
154,"√ìtimo, c√¢mera veio boa a entrega foi super r√°pida..veio junto com o cabo e veio tudo embalado certinho! Recomendo, o meu veio carregando certinho! A tela tem √≥tima resolu√ß√£o!",5
155,"√ìtimo produto, chegou dentro do prazo, por√©m a caixa do celular veio meio solta dentro da caixa maior de papel√£o, ent√£o imagino que deve ter ficado se mexendo durante o transporte, mas chegou em √≥timo estado e sem problemas. Sobre o celular: lind√≠ssimo, queria muito um celular rosa, e a cor dele √© perfeita, nada muito chamativo mas tamb√©m nada muito sem gra√ßa. C√¢meras de √≥tima qualidade, apenas a frontal quando est√° meio escuro fica um pouco ruim, mas estando com uma ilumina√ß√£o boa ela fica perfeita, pega at√© os detalhes que a gente n√£o quer kkkkk, a traseira n√£o tenho reclama√ß√µes, muito boa mesmo, e zoom √≥timo. Bateria √© boa mas n√£o √© nada espetacular, acho que poderia ser um pouco melhor. Tudo funciona muito bem, estou usando a duas semanas e n√£o tive nenhum problema at√© agora. A fonte do carregador comprei separadamente ja que n√£o vem junto.",5
156,"Produto conforme a descri√ß√£o, novo e lacrado dentro da caixa, nada a reclamar do produto, por√©m, o entregador deixou o produto em frente a porta da minha casa e sequer tocou a campainha para avisar que tinha chegado e no app ainda constou que o produto havia sido entregue nas m√£os do morador, para um produto desse valor esperava um pouco mais de cuidado e responsabilidade na entrega.",5
157,"Meu segundo iPhone , tirando a bateria eu gosto muito de todo o resto , eu uso muito o celular , trabalho cm ele ent√£o tem dias q eu preciso carregar at√© duas vezes no mesmo dia , mas pra quem faz o uso mais moderado a bateria deve durar o dia inteiro.",5
158,"Essa tem sido a minha primeira experi√™ncia com um aparelho da Apple, e eu tenho gostado bastante.  Comecei a usar no dia 17/11, e o aparelho n√£o tem me decepcionado em nada. Sou uma usu√°ria m√©dia em rela√ß√£o a telefone, logo, a bateria dura dois dias tranquilos comigo. O desempenho do aparelho √© √≥timo, os recursos e principalmente a c√¢mera.",5
159,"eu migrei n√©, da√≠ √© um mundo totalmente diferente, mas muito f√°cil de se acostumar.",5
160,"Chegou todo certinho, amei bastante. O que me pegou foi a demora pra ser entregue pela transportadora loggi, horr√≠vel mesmo, tive que ir buscar na casa do entregador k",5
161,"Tudo certo com o produto, maravilhoso mesmo. Apenas fica a quest√£o de entrega, que constava na transportadora que saiu para entrega no dia 28/11/2024 √†s 09:35h, por√©m s√≥ foi entregue no dia 29/11/2024 √†s 14h, ent√£o foi mais de um dia aguardando, entende-se que a sa√≠da para entrega deveria ocorrer no mesmo dia e sendo que ocorreu o mesmo com outra compra anterior com essa mesma transportadora.",5
162,"Eu tinha um iPhone 13 e troquei pelo 15!!! Gostei muito!!!!! O tom de azul √© suave muito bonito!!! Houve um atraso no entrega de dois dias,mais recebi certinho!!",5
163,"Sai do IPhone 12 para o 15 e foi uma excelente escolha, em rela√ß√£o a desempenho n√£o senti tanta diferen√ßa, mas a Ilha din√¢mica da outra cara ao aparelho.",5
164,"Sai do 13 para o 15. O 13 √© um √≥timo aparelho, mas o 15 √© surreal, principalmente em quest√£o de c√¢meras. Amei! Al√©m de ser muito linda a cor rosa.",5
165,"Muito bom, j√° usava iPhone antes o 7! To abismada da qualidade que veio o 15! To amando muito! Uso para mim mesmo pessoal e tamb√©m a trabalho!",5
166,"Chegou antes da data prevista, em √≥timas condi√ß√µes. S√≥ liberaram ap√≥s confirmar um c√≥digo, garantindo a seguran√ßa do produto. Indico",5
167,"Aparelho chegou sem problemas, entrega r√°pida e tudo ok. √â iphone, n√£o tem o que dizer. Estou satisfeita.",5
168,"A entrega foi bem r√°pida, pedi na sexta a tarde e chegou no domingo de manh√£. A embalagem poderia ser melhor, como todo mundo fala nos coment√°rios, veio em uma caixa de papel√£o sem prote√ß√£o. Durante toda a compra tive acesso ao rastreamento, achei bem comunicativo a Amazon.",5
169,"Amei! Veio tudo certinho, bem embalado e entregou r√°pido. Saindo de um iPhone 12 mini pra esse e senti MUITA diferen√ßa no tamanho, c√¢mera e velocidade. Vai ser meu companheirinho pelos pr√≥ximos anos.",5
170,Estava planejando a muito a troca do meu celular e o dia chegouuuuuu,5
171,Produto chegou em perfeito estado. Muito bem embalado. Chegou antes do prazo previsto,5
172,iPhone dispensa coment√°rios. Em todas as funcionalidades a Apple oferece o que h√° de melhor. Muito satisfeita!,5
173,Aparelho top em todos os quesitos‚Ä¶chegou muito r√°pido e bem embalado üëèüèΩüëèüèΩüëèüèΩ,5
174,"√â meu primeiro IPhone e estou amando. No mais, compra na FastShop √© confi√°vel.",5
175,"Produto veio exatamente oq comprei e chegou alguns dias antes do previsto , veio bem embalado",5
176,A compra foi um sucesso em todos os sentido. Comprei um aparelho realmente diferenciado com um √≥timo valor e a entrega foi r√°pida e com seguran√ßa.,5
177,"produto √≥timo! s√≥ deveriam encher a caixa com algo para n√£o ficar balan√ßando o celular dentro. fora isso, nenhuma reclama√ß√£o! entrega foi antecipada.",5
178,"Processador de √≥timo desempenho, c√¢meras de boa qualidade, recurso de reduzir v√≠deos tremidos √© satisfat√≥rio. C√¢meras poderiam ter melhor qualidade em ambiente de pouca luz.",5
179,Veio certinho. Exatamente como esperado. Sobre o aparelho n√£o h√° o que falar. Atende bem quem j√° √© usu√°rio Apple.,5
180,"Chegou bem r√°pido o iphone, bem.antes do prazo, tudo certinho.",5
181,"Essa √© minha primeira exper√™ncia com o iOS e al√©m da beleza fiquei muito impressionada com a qualidade do produto e servi√ßo da Amazon. A entrega foi r√°pida, veio bem embalado e recomendo super a compra do aparelho. S√≥ tive um problema com a capinha que veio na cor errada, mas de resto, recomendo.",5
182,"R√°pido, bem mais leve do que o meu anterior (XR).  A c√¢mera traseira realmente √© muito boa. Consegui fazer trabalhos usando o modo Cinema e fica excelente j√° em HD 30.",5
183,"Chegou antes do previsto, lindo esse iPhone um azul clarinho que se confunde com o branco! Eu amei ‚ù§Ô∏è",5
184,Chegou antes da data marcada de entrega.,5
185,"A entrega chegou antes do previsto, chegou em um domingo. Entregador muito educado e legal.",5
186,"N√£o √© diferente do meu iPhone 11, mas √© muito bom.",5
187,"Meu primeiro Iphone, gostando demais da experiencia depois de muitos anos usando o android. Recomendo",5
188,"Chegou tudo certinho, dentro do prazo. Celular maravilhoso, iPhone n√©‚Ä¶. üòçüòçüòç",5
189,Chegou certinho e antes do prazo!! Agora √© s√≥ aproveitar!!,5
190,"Meu novo celular IPhone 15 chegou antes que o combinado, √© melhor que eu pensava, adoreiii",5
191,"entrega dentro do prazo, celular chegou em perfeitas condi√ß√µes, recomendo o fornecedor e tamb√©m o iphone.",5
192,Comprei para a minha esposa ela adorou √© simplesmente perfeito,5
193,"Apesar da demora da entrega, eu amei o aparelho maravilhoso",5
194,"Estou gostando do aparelho. √â a primeira vez que uso iPhone. Estou descobrindo como usar. Veio bem embalado, entrega super r√°pida.",5
195,"Nao eh muito diferente do 12 que eu tinha, mas, gostei que eh mais leve.",5
196,"Entrega extremamente r√°pida, comprei na sexta de manh√£, enviaram na segunda de manh√£ e quarta de manh√£ j√° recebi em meu endere√ßo, produto indiscut√≠vel, perfeito. √önica coisa que na minha opini√£o deixaram a desejar foi que a loja que me enviou o produto a Fast Shop me passou um c√≥digo de rastreio que n√£o existe na transportadora, e isso gerou um certo transtorno e medo pelo produto n√£o chegar, mas de resto foi super top, recomendo.",5
197,A entrega foi muito r√°pida e o produto chegou perfeito.,5
198,"Ameii chegou super r√°pido em cinco dias, t√¥ completamente apaixonada nele",5
199,"chegou antes do previsto, n√£o tive nenhum problema, deu tudo certo!",5
200,"Vi muitas cr√≠ticas relacionada a forma de embalar o produto no transporte, mas creio que j√° melhoraram, colocaram numa caixa do tamanho apropriado para o aparelho. Chegou em perfeito estado. Vou usar o celular e depois trago atualiza√ß√µes",5
201,"Celular incr√≠vel, atende todas as expectativas, zero arrependimentos, 22 anos usando Android, pq n√£o uma nova experi√™ncia, gostei bastante",5
202,"N√£o tem muito o que falar desse celular √© padr√£o Apple celular de qualidade mas com pre√ßo muito elevado , a entrega foi normal chegou dentro do prazo mas poderia ser melhor embalado o celular foi entregue dentro de uma caixa sem nada prendendo ele poderia ter uma moldura do tamanho da caixa do celular dentro da caixa de papel√£o para n√£o deixar o celular solto",5
203,Gostei muito do desempenho e da resolu√ß√£o da tela,5
204,"Amei o celular, troquei do XR para o 15. √önico arrependimento foi ter colocado pel√≠cula de privacidade, fui inocente e acabei escolhendo essa op√ß√£o meio ruim. Mas o celular √© top!",5
205,"√≥timo veio bem embalado, entrega super r√°pida demorou 5 dias para chegar",5
206,"Excelente telefone, veio bem r√°pido e √© maravilhoso",5
207,"GOSTEI MUITO , EXATAMENTE O QUE EU ESPERAVA",5
208,"iPhone 15, veio perfeito na caixa, me surpreendeu possivelmente o aparelho, muito r√°pido, designer bem bonito.",5
209,Produto chegou de forma segura dentro do prazo estipulado. Excelente qualidade e √≥timo pre√ßo para o Brasil.,5
210,"pra quem quer um celular tamanho normal, sem muito peso e dos mais novos, super recomendo",5
211,"Aparelho excelente, r√°pido, bateria dura muito. Sa√≠ de um XR de quase 5 anos para ele, consegui transferir todos os dados rapidamente e estou amando.",5
212,Achei que teria mais novidades. Muito parecido com o meu iPhone 11,5
213,"Pesquisei muito em rela√ß√£o aos modelos de iPhone dispon√≠veis no momento, e este apresentou um √≥timo custo-benef√≠cio. Gostei muito do produto.",5
214,"Comprei o iPhone 15 depois de usar o Xr por 5 anos, como sempre os aparelhos da Apple apresentam qualidade excelente! S√≥ a embalagem feita pela Amazon que deixou a desejar, recebi dois livros e vieram muito bem mais embalados do que o celular que custa um absurdo.",5
215,Bom demais estou amando migrei do Android foi tudooo,5
216,"Muito lindo , lacrado veio tudo certo top demais",5
217,"Tinha um XR desde 2019, s√≥ resolvi trocar pq deu problema com o carregamento!",5
218,"iPhone 15 √© um aparelho bom at√© agora t√° atendendo todas minhas necessidades, c√¢mera boa a bateria dura bastante mais que meu anterior que era iPhone 11.",5
219,"√â um iPhone, n√£o precisa dizer mais nada",5
220,Iphone 15 fant√°stico e chegou como deveria.,5
221,"Comprei pra minha esposa, mas achei o software muito complicado. Agora √© tudo voltado para os jovens.",5
222,Veio em perfeitas condi√ß√µes e antes do prazo!,5
223,Condiz com as especifica√ß√µes.,5
224,"Ainda estou aprendendo a usar, mas a c√¢mera √© muito boa e tem muitas fun√ß√µes √∫teis",5
225,Entrega r√°pida e o aparelho √© sensacional,5
226,O celular √© bom e muito bonito!,5
227,"O meu iPhone √© pequeno e bem delicado, a cor escolhida foi a cor azul e quando chegou notei que √© azul mais puxada para o fosco. Para aqueles que adquiriram o seu primeiro IPhone n√£o se preocupem √© muito f√°cil configurar.Apaixonada!!!",5
228,Chegou dentro do prazo e em perfeito estado,5
229,Entrega no hor√°rio e dias estimados. Produto impec√°vel!,5
230,"Celular maravilhoso, chegou antes do prazo ‚ò∫Ô∏èüòâ",5
231,"chegou tudo certinho, s√≥ n gostei da embalagem (n√£o colocaram nem um pl√°sticos bolha",5
232,Entrega foi r√°pida e bem sinalizada.,5
233,"A minha √∫nica reclama√ß√£o √© em rela√ß√£o a embalagem, a caixinha veio literalmente solta dentro de outra caixa, sem qualquer prote√ß√£o ao redor. A entrega em si foi super r√°pida, comprei no domingo e na quarta tinha chego. Em rela√ß√£o ao celular, n√£o tenho o que reclamar, esteticamente muito bonito, n√£o apresentou nenhum problema at√© o momento e estou mega satisfeita com a minha compra. Deixei algumas fotos que tirei com ele e inegavelmente a c√¢mera √© impec√°vel!",5
234,Muito bom‚Ä¶ produto entregue corretamente at√© mesmo antes do prazo!!! Atendeu completamente as expectativas!!!,5
235,√≥timo e chegou exatamente no prazo estipulado,5
236,O iPhone 15 possui um designer interessante e a dura√ß√£o da bateria √© de um dia a partir do uso moderado pra mais. Nada a reclamar at√© ent√£o. A Amazon sempre parceira e com boas ofertas nos mais variados produtos.,5
237,"Exatamente como na foto, chegou dentro do prazo prometido. O celular √© lindo, vem muito bem embalado e seguro. A seguran√ßa na entrega tamb√©m √© √≥tima, exigindo c√≥digo para libera√ß√£o do produto. Ele √© azul beeeem clarinho, quase branco, um charme.",5
238,O acabamento √© muito bom e o celular cumpre oque se espera dele,5
239,"Entrega r√°pida ,  o diferencial da Amazon. Cel da Apple sempre perfeito !",5
240,"Vender muito confi√°vel, o produto chegou em uma semana em Manaus. Tudo certo e perfeito. Super recomendo.",5
241,"Produto excelente, chegou tudo nos conformes.",5
242,igual o an√∫ncio muito bom c√¢mera top,5
243,"O aparelho veio bem embalado, muito bonito e chegou muito r√°pido‚Ä¶ estou muito satisfeita com a minha compra.",5
244,"Chegou no dia certinho, perfeito e lindo.",5
245,"Produto excelente com entrega antes do prazo, recomendo",5
246,Produto excelente e a entrega muito rapida.,5
247,√ìtimo produto. Superou minhas expectativas,5
